市场,代码,公司,年度,币种,营业收入,营业成本,毛利,销售费用,管理费用,研发费用,财务费用,营业利润,利润总额,归母净利润,经营活动现金流量净额,购建长期资产支付的现金,货币资金,存货,流动资产合计,固定资产,无形资产,总资产,短期借款,长期借款,流动负债合计,总负债,归母权益,毛利率,归母净利率,销售费用率,管理费用率,研发费用率,财务费用率,三费费率,ROA,ROE,资产负债率,流动比率,现金比率,经营现金流/归母净利润,资本开支/收入,官方文件类型,官方来源
A股,605499.SH,东鹏饮料,2024,人民币,15838851828.27,8741561002.65,7097290825.620001,2681079787.33,425653777.87,62671297.9,-190535731.5,4144770035.72,4107312298.7,3326708852.44,5789408508.54,1687480710.01,5652549123.16,1068083706.94,12705623457.77,3669663003.83,746119457.72,22676296132.9,6551336921.28,0.0,14845041765.22,14984716162.9,7687803337.75,0.4480937698370528,0.2100347227506932,0.169272357390494,0.026874029916125,0.0039568081436396,-0.0120296429037818,0.2001031954502587,0.1779638399743635,0.4748519894750163,0.6608096875732435,0.8558833082933874,0.3807701731364061,1.7402810902113404,0.1065405957645299,年度报告,E:\Codex\investment\东鹏饮料研究\raw\official\2024年年度报告.pdf
A股,605499.SH,东鹏饮料,2025,人民币,20866019000.0,11657729000.0,9208290000.0,3404838000.0,632514000.0,66338000.0,101132000.0,5584357000.0,5584357000.0,4415263000.0,6174243000.0,2266157000.0,2740733000.0,656963000.0,15387480000.0,6456032000.0,12262000.0,26720736000.0,6630230000.0,,16810062000.0,17296938000.0,9420959000.0,0.4413055504262696,0.2116006412147904,0.1631762148783627,0.0303131133926409,0.0031792360583971,0.0048467319041547,0.1966685643294008,0.1787663270182296,0.5161405498348466,0.6473226635673508,0.9153731854171626,0.1630412190032374,1.398386234296802,0.1086051440861814,年度报告/HKEX年报,E:\Codex\investment\东鹏饮料研究\raw\official\2025年度业绩公告_HKEX_2026-03-30.pdf
